Ano;Populacao Total;Homens;Mulheres;Nascimentos;Obitos;Taxa Bruta de Mortalidade;;;;;;;;;;;;;;;;;;;;;;;;;;;;;;;;
2010;10653276;5238772;5414504;152738;62704;5.89;;;;;;;;;;;;;;;;;;;;;;;;;;;;;;;;
2011;10738066;5278327;5459739;152167;63407;5.9;;;;;;;;;;;;;;;;;;;;;;;;;;;;;;;;
2012;10822187;5317484;5504703;152784;64225;5.93;;;;;;;;;;;;;;;;;;;;;;;;;;;;;;;;
2013;10908262;5357607;5550655;157654;65127;5.97;;;;;;;;;;;;;;;;;;;;;;;;;;;;;;;;
2014;10997989;5399573;5598416;161822;66098;6.01;;;;;;;;;;;;;;;;;;;;;;;;;;;;;;;;
2015;11089062;5442208;5646854;162151;67073;6.05;;;;;;;;;;;;;;;;;;;;;;;;;;;;;;;;
2016;11176203;5482818;5693385;155766;68041;6.09;;;;;;;;;;;;;;;;;;;;;;;;;;;;;;;;
2017;11261927;5522704;5739223;161199;69096;6.14;;;;;;;;;;;;;;;;;;;;;;;;;;;;;;;;
2018;11348937;5563258;5785679;160383;70224;6.19;;;;;;;;;;;;;;;;;;;;;;;;;;;;;;;;
2019;11433957;5602812;5831145;159377;71394;6.24;;;;;;;;;;;;;;;;;;;;;;;;;;;;;;;;
2020;11516840;5641298;5875542;158324;72578;6.3;;;;;;;;;;;;;;;;;;;;;;;;;;;;;;;;
2021;11597484;5678670;5918814;157209;73843;6.37;;;;;;;;;;;;;;;;;;;;;;;;;;;;;;;;
2022;11675661;5714821;5960840;155829;75156;6.44;;;;;;;;;;;;;;;;;;;;;;;;;;;;;;;;
2023;11751111;5749623;6001488;154316;76545;6.51;;;;;;;;;;;;;;;;;;;;;;;;;;;;;;;;
2024;11823677;5783000;6040677;152743;77976;6.59;;;;;;;;;;;;;;;;;;;;;;;;;;;;;;;;
2025;11893264;5814911;6078353;151166;79492;6.68;;;;;;;;;;;;;;;;;;;;;;;;;;;;;;;;
2026;11959803;5845328;6114475;149588;81057;6.78;;;;;;;;;;;;;;;;;;;;;;;;;;;;;;;;
2027;12023185;5874197;6148988;147908;82686;6.88;;;;;;;;;;;;;;;;;;;;;;;;;;;;;;;;
2028;12083297;5901463;6181834;146252;84400;6.98;;;;;;;;;;;;;;;;;;;;;;;;;;;;;;;;
2029;12140129;5927131;6212998;144696;86172;7.1;;;;;;;;;;;;;;;;;;;;;;;;;;;;;;;;
2030;12193706;5951218;6242488;143201;88000;7.22;;;;;;;;;;;;;;;;;;;;;;;;;;;;;;;;
2031;12243938;5973687;6270251;141646;89881;7.34;;;;;;;;;;;;;;;;;;;;;;;;;;;;;;;;
2032;12290702;5994482;6296220;140072;91808;7.47;;;;;;;;;;;;;;;;;;;;;;;;;;;;;;;;
2033;12333987;6013594;6320393;138615;93808;7.61;;;;;;;;;;;;;;;;;;;;;;;;;;;;;;;;
2034;12373836;6031053;6342783;137269;95876;7.75;;;;;;;;;;;;;;;;;;;;;;;;;;;;;;;;
2035;12410298;6046897;6363401;136010;97977;7.89;;;;;;;;;;;;;;;;;;;;;;;;;;;;;;;;
2036;12443361;6061127;6382234;134716;100122;8.05;;;;;;;;;;;;;;;;;;;;;;;;;;;;;;;;
2037;12473021;6073744;6399277;133541;102314;8.2;;;;;;;;;;;;;;;;;;;;;;;;;;;;;;;;
2038;12499364;6084800;6414564;132519;104558;8.37;;;;;;;;;;;;;;;;;;;;;;;;;;;;;;;;
2039;12522496;6094361;6428135;131618;106814;8.53;;;;;;;;;;;;;;;;;;;;;;;;;;;;;;;;
2040;12542478;6102463;6440015;130756;109093;8.7;;;;;;;;;;;;;;;;;;;;;;;;;;;;;;;;
2041;12559307;6109105;6450202;129874;111376;8.87;;;;;;;;;;;;;;;;;;;;;;;;;;;;;;;;
2042;12573062;6114335;6458727;129183;113670;9.04;;;;;;;;;;;;;;;;;;;;;;;;;;;;;;;;
2043;12583881;6118231;6465650;128611;115983;9.22;;;;;;;;;;;;;;;;;;;;;;;;;;;;;;;;
2044;12591854;6120841;6471013;128079;118258;9.39;;;;;;;;;;;;;;;;;;;;;;;;;;;;;;;;
2045;12597005;6122181;6474824;127514;120530;9.57;;;;;;;;;;;;;;;;;;;;;;;;;;;;;;;;
2046;12599318;6122247;6477071;126914;122770;9.74;;;;;;;;;;;;;;;;;;;;;;;;;;;;;;;;
2047;12598861;6121070;6477791;126416;124972;9.92;;;;;;;;;;;;;;;;;;;;;;;;;;;;;;;;
2048;12595699;6118685;6477014;125892;127157;10.1;;;;;;;;;;;;;;;;;;;;;;;;;;;;;;;;
2049;12589797;6115077;6474720;125267;129304;10.27;;;;;;;;;;;;;;;;;;;;;;;;;;;;;;;;
2050;12581103;6110219;6470884;124557;131404;10.44;;;;;;;;;;;;;;;;;;;;;;;;;;;;;;;;
2051;12569612;6104108;6465504;123842;133475;10.62;;;;;;;;;;;;;;;;;;;;;;;;;;;;;;;;
2052;12555362;6096761;6458601;123126;135490;10.79;;;;;;;;;;;;;;;;;;;;;;;;;;;;;;;;
2053;12538352;6088175;6450177;122286;137440;10.96;;;;;;;;;;;;;;;;;;;;;;;;;;;;;;;;
2054;12518536;6078320;6440216;121330;139306;11.13;;;;;;;;;;;;;;;;;;;;;;;;;;;;;;;;
2055;12495904;6067179;6428725;120304;141089;11.29;;;;;;;;;;;;;;;;;;;;;;;;;;;;;;;;
2056;12470502;6054772;6415730;119298;142817;11.45;;;;;;;;;;;;;;;;;;;;;;;;;;;;;;;;
2057;12442412;6041136;6401276;118277;144436;11.61;;;;;;;;;;;;;;;;;;;;;;;;;;;;;;;;
2058;12411670;6026278;6385392;117171;145994;11.76;;;;;;;;;;;;;;;;;;;;;;;;;;;;;;;;
2059;12378299;6010200;6368099;116030;147448;11.91;;;;;;;;;;;;;;;;;;;;;;;;;;;;;;;;
2060;12342362;5992920;6349442;114874;148829;12.06;;;;;;;;;;;;;;;;;;;;;;;;;;;;;;;;
Faixas etárias;;;;;;;;;;;;;;;;;;;;;;;;;;;;;;;;;;;;;;
Total;;;;;;;;;;;;;;;;;;;;;;;;;;;;;;;;;;;;;;
Faixa/Ano;2010;2011;2012;2013;2014;2017;2029;2030;2031;2032;2033;2034;2035;2036;2037;2038;2039;2040;2041;2042;2043;2044;2045;2046;2047;2048;2049;2050;2051;2052;2053;2054;2055;2056;2057;2058;2059;2060
Total;10653276;10738066;10822187;10908262;10997989;11261927;12140129;12193706;12243938;12290702;12333987;12373836;12410298;12443361;12473021;12499364;12522496;12542478;12559307;12573062;12583881;12591854;12597005;12599318;12598861;12595699;12589797;12581103;12569612;12555362;12538352;12518536;12495904;12470502;12442412;12411670;12378299;12342362
0-4;756693;750671;750070;753858;761692;785276;737988;730210;722468;714778;707222;699861;692705;685790;679194;673010;667253;661909;656959;652451;648407;644761;641444;638410;635609;632924;630217;627381;624421;621289;617887;614159;610111;605757;601104;596163;590995;585672
05/set;813603;794369;778722;767823;761803;747575;772904;766345;759280;751822;744125;736340;728592;720875;713207;705672;698332;691192;684295;677716;671548;665806;660474;655534;651042;647012;643375;640072;637042;634248;631570;628874;626045;623094;619967;616576;612858;608811
out/14;921333;907466;885192;858582;831730;776935;788107;785398;784610;783017;777678;771707;765169;758120;750682;742999;735232;727502;719799;712146;704621;697295;690166;683283;676709;670551;664818;659496;654567;650079;646053;642425;639128;636103;633318;630645;627952;625128
15-19;941158;941334;940253;936778;929247;881037;755127;765753;772665;779078;785062;785639;782979;782233;780676;775380;769456;762965;755961;748566;740919;733188;725498;717831;710213;702720;695421;688325;681469;674921;668792;663077;657776;652869;648405;644395;640785;637504
20-24;913489;917124;921739;926571;930426;931985;751750;744325;738676;738376;742388;750421;761082;768038;774496;780525;781165;778579;777898;776399;771182;765328;758902;751965;744636;737054;729388;721754;714148;706585;699140;691891;684846;678033;671524;665435;659757;654494
25-29;892105;894857;896227;896999;898445;910022;813296;793952;775470;760450;750088;744495;737184;731636;731410;735477;743549;754237;761234;767736;773802;774500;771979;771351;769912;764760;758970;752609;745736;738472;730947;723342;715761;708210;700698;693299;686098;679096
30-34;847658;855876;863593;870497;876206;885149;903143;891554;878656;857465;831964;806184;787026;768708;753826;743577;738074;730858;725396;725236;729348;737452;748160;755187;761715;767814;768561;766091;765510;764111;759017;753283;746977;740159;732946;725476;717915;710382
35-39;797990;803542;811303;820564;830051;855215;903336;905955;906966;906730;904115;897499;886079;873343;852352;827066;801496;782507;764356;749613;739478;734063;726941;721563;721462;725609;733732;744459;751507;758059;764183;764970;762549;762006;760656;755614;749935;743681
40-44;776990;780811;782182;782491;783832;801229;872721;876101;880510;885852;891387;895936;898673;899804;899690;897209;890740;879497;866934;846162;821114;795780;776990;759025;744432;734418;729097;722073;716784;716738;720919;729060;739785;746846;753402;759540;760366;758000
45-49;709628;724076;736878;747766;756419;768542;847918;852749;856297;858481;860062;862271;865784;870312;875758;881378;886027;888868;890118;890130;887788;881482;870434;858084;837583;812835;787791;769243;751519;737118;727254;722032;715130;709946;709960;714164;722302;733003
50-54;600613;619340;638680;657924;676014;719677;793663;802961;811776;820078;827586;833925;838888;842584;844935;846690;849057;852709;857350;862885;868586;873323;876276;877648;877792;875609;869504;858702;846616;826474;802125;777488;759269;741868;727723;718048;712960;706211
55-59;495269;512284;528854;545365;562429;618092;736048;740469;746833;755229;764989;774937;784296;793172;801542;809127;815555;820636;824468;826983;828908;831432;835203;839938;845544;851301;856108;859155;860647;860930;858926;853060;842569;830824;811152;787353;763265;745494
60-64;387280;403601;420298;437218;454174;504048;691453;698345;703156;705731;707332;709846;714465;720950;729380;739115;749020;758345;767200;775553;783137;789593;794734;798664;801311;803380;806028;809891;814679;820301;826051;830872;833985;835576;835991;834171;828584;818481
65-69;289025;300764;313905;328160;343085;390195;591509;607023;621035;633646;644596;653582;660527;665491;668339;670269;673065;677854;684401;692774;702369;712111;721298;730025;738262;745758;752171;757315;761299;764053;766259;769015;772935;777724;783291;788969;793746;796883
70-74;216540;223775;230802;238139;246511;279734;458048;474228;490957;508195;525353;541592;556331;569702;581789;592347;601087;607932;612942;616008;618238;621271;626145;632634;640785;650040;659417;668268;676678;684622;691870;698094;703125;707075;709882;712182;714995;718889
75-79;146339;152196;158694;165566;172440;192349;329223;343158;357002;370591;384211;398287;413024;428247;443922;459519;474311;487779;500049;511199;521002;529190;535684;540552;543721;546171;549341;554142;560361;568023;576628;585328;593543;601354;608738;615491;621310;626046
80-84;88628;92449;96290;100277;104543;119662;207377;218271;229484;241038;252815;264666;276525;288333;299958;311644;323720;336353;349397;362814;376162;388837;400417;411018;420705;429287;436515;442326;446788;449859;452355;455467;459945;465588;472399;479953;487562;494759
85-89;39996;43991;47502;50704;53723;62539;112670;118588;125154;132361;140096;148191;156533;165141;174037;183123;192283;201467;210630;219684;228811;238253;248128;258310;268773;279174;289067;298134;306472;314145;320988;326799;331525;335237;337925;340212;342996;346816
90+;18939;19540;21003;22980;25219;32666;73848;78321;82943;87784;92918;98457;104436;110882;117828;125237;133074;141289;149920;159007;168461;178189;188132;198296;208655;219282;230276;241667;253369;265335;277388;289300;300900;312233;323331;333984;343918;353012
Homens;;;;;;;;;;;;;;;;;;;;;;;;;;;;;;;;;;;;;;
Faixa/Ano;2010;2011;2012;2013;2014;2017;2029;2030;2031;2032;2033;2034;2035;2036;2037;2038;2039;2040;2041;2042;2043;2044;2045;2046;2047;2048;2049;2050;2051;2052;2053;2054;2055;2056;2057;2058;2059;2060
Total;5238772;5278327;5317484;5357607;5399573;5522704;5927131;5951218;5973687;5994482;6013594;6031053;6046897;6061127;6073744;6084800;6094361;6102463;6109105;6114335;6118231;6120841;6122181;6122247;6121070;6118685;6115077;6110219;6104108;6096761;6088175;6078320;6067179;6054772;6041136;6026278;6010200;5992920
0-4;386967;384000;383784;385789;389847;401974;377899;373924;369967;366038;362177;358416;354759;351226;347855;344697;341755;339024;336494;334191;332125;330263;328568;327017;325586;324215;322832;321382;319868;318267;316528;314622;312551;310323;307941;305413;302770;300045
05/set;415767;405976;398029;392534;389548;382584;395786;392437;388828;385019;381087;377111;373153;369211;365297;361446;357699;354053;350532;347170;344022;341089;338366;335844;333550;331491;329636;327949;326401;324975;323608;322232;320787;319277;317680;315946;314045;311975
out/14;469804;463094;451941;438459;424798;396940;403361;401990;401602;400798;398080;395033;391697;388097;384299;380377;376412;372467;368531;364627;360783;357044;353404;349893;346534;343392;340463;337747;335233;332941;330886;329035;327352;325807;324388;323025;321648;320207
15-19;476099;476646;476653;475489;472227;448783;385713;391186;394750;398053;401136;401458;400124;399767;398991;396305;393295;389994;386431;382665;378772;374834;370920;367011;363136;359317;355601;351985;348494;345158;342038;339125;336426;333930;331654;329613;327778;326107
20-24;457833;460029;462727;465546;467905;470268;382105;378495;375784;375774;377932;382124;387628;391229;394568;397688;398062;396791;396487;395763;393141;390191;386945;383440;379727;375889;372007;368141;364282;360454;356677;353004;349428;345975;342673;339587;336707;334041
25-29;442564;444511;445715;446579;447754;454831;411548;401886;392652;385176;380078;377409;373894;371268;371317;373522;377747;383273;386910;390284;393436;393859;392642;392385;391715;389148;386250;383060;379610;375950;372162;368331;364511;360697;356913;353176;349542;346004
30-34;415975;420255;424484;428460;431913;438183;453829;448603;442608;432263;419618;406767;397246;388140;380774;375764;373169;369730;367170;367273;369514;373763;379304;382967;386365;389543;390007;388834;388612;387976;385457;382604;379460;376052;372435;368692;364898;361116
35-39;389535;392214;395943;400417;405080;418309;449110;450994;452135;452749;452206;449612;444517;438648;428455;415975;403284;393892;384913;377652;372729;370202;366836;364339;364487;366758;371025;376579;380262;383680;386877;387376;386241;386053;385453;382974;380166;377063
40-44;377403;379398;380102;380229;380854;389317;429941;432163;434889;438081;441381;444219;446186;447414;448118;447673;445189;440224;434482;424446;412141;399619;390371;381528;374379;369547;367089;363795;361365;361555;363854;368136;373691;377386;380814;384026;384554;383462
45-49;340999;348118;354599;360242;364784;371187;412630;415746;418221;419970;421380;423071;425385;428191;431455;434814;437721;439763;441076;441869;441518;439146;434312;428717;418869;406774;394454;385378;376701;369685;364957;362569;359362;357006;357238;359557;363841;369384
50-54;286455;295208;304282;313362;321979;343498;381279;386029;390693;395302;399660;403518;406717;409286;411139;412664;414459;416863;419743;423068;426484;429451;431567;432959;433838;433589;431352;426679;421260;411653;399825;387777;378922;370460;363616;359016;356719;353614
55-59;235121;242746;250204;257689;265494;291350;349968;352239;355430;359563;364355;369311;374098;378797;383440;387836;391740;395006;397652;399604;401231;403123;405603;408540;411907;415354;418358;420533;421999;422963;422825;420737;416262;411062;401762;390294;378608;370048
60-64;183277;190582;197996;205471;212955;235096;323615;327235;329809;331239;332167;333518;335896;339148;343291;348056;352972;357722;362390;366998;371371;375265;378543;381227;383241;384942;386895;389415;392368;395727;399153;402151;404351;405865;406894;406857;404931;400693
65-69;135532;140695;146567;152975;159654;180383;270300;277607;284340;290570;296120;300746;304352;306980;308543;309643;311141;313596;316862;320948;325605;330400;335039;339598;344097;348374;352199;355436;358113;360156;361907;363894;366417;369339;372635;375987;378930;381117
70-74;100654;103709;106519;109397;112780;127030;203794;210941;218378;226076;233780;241157;247960;254260;260120;265371;269787;273277;275882;277535;278781;280387;282859;286058;289982;294408;298955;303357;307686;311960;316028;319677;322782;325378;327400;329157;331130;333591
75-79;64985;67724;70812;74046;77151;85237;141532;147262;152977;158622;164331;170285;176578;183119;189888;196660;203160;209177;214776;220013;224736;228745;231952;234402;236053;237371;239005;241381;244370;247963;251971;256077;260056;263971;267837;271521;274837;277675
80-84;37385;38997;40592;42245;44047;50645;85084;89366;93747;98242;102809;107406;112018;116631;121202;125842;130681;135793;141104;146596;152088;157367;162274;166864;171182;175104;178456;181174;183297;184803;186059;187578;189687;192275;195322;198678;202104;205431
85-89;15798;17524;19009;20330;21538;24904;43430;45520;47881;50506;53334;56280;59287;62373;65549;68785;72046;75324;78610;81877;85205;88681;92353;96163;100099;104031;107818;111348;114664;117808;120680;123147;125164;126767;127956;128989;130224;131875
90+;6619;6901;7526;8348;9265;12185;26207;27595;28996;30441;31963;33612;35402;37342;39443;41682;44042;46494;49060;51756;54549;57412;60323;63295;66323;69438;72675;76046;79523;83087;86683;90248;93729;97149;100525;103770;106768;109472
Mulheres;;;;;;;;;;;;;;;;;;;;;;;;;;;;;;;;;;;;;;
Faixa/Ano;2010;2011;2012;2013;2014;2017;2029;2030;2031;2032;2033;2034;2035;2036;2037;2038;2039;2040;2041;2042;2043;2044;2045;2046;2047;2048;2049;2050;2051;2052;2053;2054;2055;2056;2057;2058;2059;2060
Total;5414504;5459739;5504703;5550655;5598416;5739223;6212998;6242488;6270251;6296220;6320393;6342783;6363401;6382234;6399277;6414564;6428135;6440015;6450202;6458727;6465650;6471013;6474824;6477071;6477791;6477014;6474720;6470884;6465504;6458601;6450177;6440216;6428725;6415730;6401276;6385392;6368099;6349442
0-4;369726;366671;366286;368069;371845;383302;360089;356286;352501;348740;345045;341445;337946;334564;331339;328313;325498;322885;320465;318260;316282;314498;312876;311393;310023;308709;307385;305999;304553;303022;301359;299537;297560;295434;293163;290750;288225;285627
05/set;397836;388393;380693;375289;372255;364991;377118;373908;370452;366803;363038;359229;355439;351664;347910;344226;340633;337139;333763;330546;327526;324717;322108;319690;317492;315521;313739;312123;310641;309273;307962;306642;305258;303817;302287;300630;298813;296836
out/14;451529;444372;433251;420123;406932;379995;384746;383408;383008;382219;379598;376674;373472;370023;366383;362622;358820;355035;351268;347519;343838;340251;336762;333390;330175;327159;324355;321749;319334;317138;315167;313390;311776;310296;308930;307620;306304;304921
15-19;465059;464688;463600;461289;457020;432254;369414;374567;377915;381025;383926;384181;382855;382466;381685;379075;376161;372971;369530;365901;362147;358354;354578;350820;347077;343403;339820;336340;332975;329763;326754;323952;321350;318939;316751;314782;313007;311397
20-24;455656;457095;459012;461025;462521;461717;369645;365830;362892;362602;364456;368297;373454;376809;379928;382837;383103;381788;381411;380636;378041;375137;371957;368525;364909;361165;357381;353613;349866;346131;342463;338887;335418;332058;328851;325848;323050;320453
25-29;449541;450346;450512;450420;450691;455191;401748;392066;382818;375274;370010;367086;363290;360368;360093;361955;365802;370964;374324;377452;380366;380641;379337;378966;378197;375612;372720;369549;366126;362522;358785;355011;351250;347513;343785;340123;336556;333092
30-34;431683;435621;439109;442037;444293;446966;449314;442951;436048;425202;412346;399417;389780;380568;373052;367813;364905;361128;358226;357963;359834;363689;368856;372220;375350;378271;378554;377257;376898;376135;373560;370679;367517;364107;360511;356784;353017;349266
35-39;408455;411328;415360;420147;424971;436906;454226;454961;454831;453981;451909;447887;441562;434695;423897;411091;398212;388615;379443;371961;366749;363861;360105;357224;356975;358851;362707;367880;371245;374379;377306;377594;376308;375953;375203;372640;369769;366618
40-44;399587;401413;402080;402262;402978;411912;442780;443938;445621;447771;450006;451717;452487;452390;451572;449536;445551;439273;432452;421716;408973;396161;386619;377497;370053;364871;362008;358278;355419;355183;357065;360924;366094;369460;372588;375514;375812;374538
45-49;368629;375958;382279;387524;391635;397355;435288;437003;438076;438511;438682;439200;440399;442121;444303;446564;448306;449105;449042;448261;446270;442336;436122;429367;418714;406061;393337;383865;374818;367433;362297;359463;355768;352940;352722;354607;358461;363619
50-54;314158;324132;334398;344562;354035;376179;412384;416932;421083;424776;427926;430407;432171;433298;433796;434026;434598;435846;437607;439817;442102;443872;444709;444689;443954;442020;438152;432023;425356;414821;402300;389711;380347;371408;364107;359032;356241;352597
55-59;260148;269538;278650;287676;296935;326742;386080;388230;391403;395666;400634;405626;410198;414375;418102;421291;423815;425630;426816;427379;427677;428309;429600;431398;433637;435947;437750;438622;438648;437967;436101;432323;426307;419762;409390;397059;384657;375446
60-64;204003;213019;222302;231747;241219;268952;367838;371110;373347;374492;375165;376328;378569;381802;386089;391059;396048;400623;404810;408555;411766;414328;416191;417437;418070;418438;419133;420476;422311;424574;426898;428721;429634;429711;429097;427314;423653;417788
65-69;153493;160069;167338;175185;183431;209812;321209;329416;336695;343076;348476;352836;356175;358511;359796;360626;361924;364258;367539;371826;376764;381711;386259;390427;394165;397384;399972;401879;403186;403897;404352;405121;406518;408385;410656;412982;414816;415766
70-74;115886;120066;124283;128742;133731;152704;254254;263287;272579;282119;291573;300435;308371;315442;321669;326976;331300;334655;337060;338473;339457;340884;343286;346576;350803;355632;360462;364911;368992;372662;375842;378417;380343;381697;382482;383025;383865;385298
75-79;81354;84472;87882;91520;95289;107112;187691;195896;204025;211969;219880;228002;236446;245128;254034;262859;271151;278602;285273;291186;296266;300445;303732;306150;307668;308800;310336;312761;315991;320060;324657;329251;333487;337383;340901;343970;346473;348371
80-84;51243;53452;55698;58032;60496;69017;122293;128905;135737;142796;150006;157260;164507;171702;178756;185802;193039;200560;208293;216218;224074;231470;238143;244154;249523;254183;258059;261152;263491;265056;266296;267889;270258;273313;277077;281275;285458;289328
85-89;24198;26467;28493;30374;32185;37635;69240;73068;77273;81855;86762;91911;97246;102768;108488;114338;120237;126143;132020;137807;143606;149572;155775;162147;168674;175143;181249;186786;191808;196337;200308;203652;206361;208470;209969;211223;212772;214941
90+;12320;12639;13477;14632;15954;20481;47641;50726;53947;57343;60955;64845;69034;73540;78385;83555;89032;94795;100860;107251;113912;120777;127809;135001;142332;149844;157601;165621;173846;182248;190705;199052;207171;215084;222806;230214;237150;243540
Brasil;;;;;;;;;;;;;;;;;;;;;;;;;;;;;;;;;;;;;;
Dados;;;;;;;;;;;;;;;;;;;;;;;;;;;;;;;;;;;;;;
Ano;População total;Homens;Mulheres;Nascimentos;Óbitos;Taxa Bruta de Mortalidade;;;;;;;;;;;;;;;;;;;;;;;;;;;;;;;;
2010;194890682;95513298;99377384;2939435;1240083;6.36;;;;;;;;;;;;;;;;;;;;;;;;;;;;;;;;
2011;196603732;96322635;100281097;2974525;1247751;6.35;;;;;;;;;;;;;;;;;;;;;;;;;;;;;;;;
2012;198314934;97132054;101182880;2953890;1258235;6.34;;;;;;;;;;;;;;;;;;;;;;;;;;;;;;;;
2013;200004188;97931331;102072857;2953178;1270306;6.35;;;;;;;;;;;;;;;;;;;;;;;;;;;;;;;;
2014;201717541;98744098;102973443;3028202;1284346;6.37;;;;;;;;;;;;;;;;;;;;;;;;;;;;;;;;
2015;203475683;99581002;103894681;3070979;1299541;6.39;;;;;;;;;;;;;;;;;;;;;;;;;;;;;;;;
2016;205156587;100379640;104776947;2901053;1314164;6.41;;;;;;;;;;;;;;;;;;;;;;;;;;;;;;;;
2017;206804741;101163599;105641142;3020743;1330811;6.44;;;;;;;;;;;;;;;;;;;;;;;;;;;;;;;;
2018;208494900;101971173;106523727;3003585;1349693;6.47;;;;;;;;;;;;;;;;;;;;;;;;;;;;;;;;
2019;210147125;102760295;107386830;2984414;1368954;6.51;;;;;;;;;;;;;;;;;;;;;;;;;;;;;;;;
2020;211755692;103527689;108228003;2963516;1389144;6.56;;;;;;;;;;;;;;;;;;;;;;;;;;;;;;;;
2021;213317639;104271843;109045796;2940629;1410602;6.61;;;;;;;;;;;;;;;;;;;;;;;;;;;;;;;;
2022;214828540;104990487;109838053;2913688;1433605;6.67;;;;;;;;;;;;;;;;;;;;;;;;;;;;;;;;
2023;216284269;105681529;110602740;2885501;1458023;6.74;;;;;;;;;;;;;;;;;;;;;;;;;;;;;;;;
2024;217684462;106345043;111339419;2856690;1483777;6.82;;;;;;;;;;;;;;;;;;;;;;;;;;;;;;;;
2025;219029093;106981304;112047789;2827039;1510693;6.9;;;;;;;;;;;;;;;;;;;;;;;;;;;;;;;;
2026;220316530;107589495;112727035;2797674;1539159;6.99;;;;;;;;;;;;;;;;;;;;;;;;;;;;;;;;
2027;221545234;108168830;113376404;2768000;1569117;7.08;;;;;;;;;;;;;;;;;;;;;;;;;;;;;;;;
2028;222713669;108718587;113995082;2738355;1600375;7.19;;;;;;;;;;;;;;;;;;;;;;;;;;;;;;;;
2029;223821305;109238514;114582791;2710134;1632845;7.3;;;;;;;;;;;;;;;;;;;;;;;;;;;;;;;;
2030;224868462;109728762;115139700;2683440;1666427;7.41;;;;;;;;;;;;;;;;;;;;;;;;;;;;;;;;
2031;225854415;110189007;115665408;2655850;1700970;7.53;;;;;;;;;;;;;;;;;;;;;;;;;;;;;;;;
2032;226777802;110618592;116159210;2628742;1736861;7.66;;;;;;;;;;;;;;;;;;;;;;;;;;;;;;;;
2033;227638581;111017537;116621044;2603540;1773877;7.79;;;;;;;;;;;;;;;;;;;;;;;;;;;;;;;;
2034;228437122;111386062;117051060;2579544;1812136;7.93;;;;;;;;;;;;;;;;;;;;;;;;;;;;;;;;
2035;229173685;111724392;117449293;2557147;1851454;8.08;;;;;;;;;;;;;;;;;;;;;;;;;;;;;;;;
2036;229847832;112032426;117815406;2534413;1891832;8.23;;;;;;;;;;;;;;;;;;;;;;;;;;;;;;;;
2037;230459062;112309958;118149104;2513030;1933167;8.39;;;;;;;;;;;;;;;;;;;;;;;;;;;;;;;;
2038;231007871;112557327;118450544;2493021;1975283;8.55;;;;;;;;;;;;;;;;;;;;;;;;;;;;;;;;
2039;231494650;112774820;118719830;2473758;2017958;8.72;;;;;;;;;;;;;;;;;;;;;;;;;;;;;;;;
2040;231919922;112962751;118957171;2455519;2060782;8.89;;;;;;;;;;;;;;;;;;;;;;;;;;;;;;;;
2041;232284233;113121438;119162795;2437785;2103915;9.06;;;;;;;;;;;;;;;;;;;;;;;;;;;;;;;;
2042;232588580;113251454;119337126;2422219;2147419;9.23;;;;;;;;;;;;;;;;;;;;;;;;;;;;;;;;
2043;232834065;113353443;119480622;2407325;2191168;9.41;;;;;;;;;;;;;;;;;;;;;;;;;;;;;;;;
2044;233020996;113427597;119593399;2392409;2234730;9.59;;;;;;;;;;;;;;;;;;;;;;;;;;;;;;;;
2045;233149625;113474061;119675564;2377677;2278119;9.77;;;;;;;;;;;;;;;;;;;;;;;;;;;;;;;;
2046;233220257;113493052;119727205;2363150;2321466;9.95;;;;;;;;;;;;;;;;;;;;;;;;;;;;;;;;
2047;233233670;113485011;119748659;2349527;2364398;10.14;;;;;;;;;;;;;;;;;;;;;;;;;;;;;;;;
2048;233190482;113450253;119740229;2335541;2407046;10.32;;;;;;;;;;;;;;;;;;;;;;;;;;;;;;;;
2049;233090464;113388652;119701812;2320604;2449148;10.51;;;;;;;;;;;;;;;;;;;;;;;;;;;;;;;;
2050;232933276;113300060;119633216;2304717;2490559;10.69;;;;;;;;;;;;;;;;;;;;;;;;;;;;;;;;
2051;232719169;113184593;119534576;2288973;2531362;10.88;;;;;;;;;;;;;;;;;;;;;;;;;;;;;;;;
2052;232448867;113042592;119406275;2273127;2571362;11.06;;;;;;;;;;;;;;;;;;;;;;;;;;;;;;;;
2053;232122448;112874076;119248372;2255972;2610595;11.25;;;;;;;;;;;;;;;;;;;;;;;;;;;;;;;;
2054;231739632;112678873;119060759;2237804;2648830;11.43;;;;;;;;;;;;;;;;;;;;;;;;;;;;;;;;
2055;231300323;112456873;118843450;2218450;2686056;11.61;;;;;;;;;;;;;;;;;;;;;;;;;;;;;;;;
2056;230805223;112208379;118596844;2199622;2722232;11.79;;;;;;;;;;;;;;;;;;;;;;;;;;;;;;;;
2057;230255685;111934042;118321643;2180831;2757317;11.98;;;;;;;;;;;;;;;;;;;;;;;;;;;;;;;;
2058;229652286;111634119;118018167;2161015;2791329;12.15;;;;;;;;;;;;;;;;;;;;;;;;;;;;;;;;
2059;228995541;111308845;117686696;2141033;2824224;12.33;;;;;;;;;;;;;;;;;;;;;;;;;;;;;;;;
2060;228286347;110958642;117327705;2120842;2856059;12.51;;;;;;;;;;;;;;;;;;;;;;;;;;;;;;;;
Faixas etárias;;;;;;;;;;;;;;;;;;;;;;;;;;;;;;;;;;;;;;
Total;;;;;;;;;;;;;;;;;;;;;;;;;;;;;;;;;;;;;;
Faixa/Ano;2010;2011;2012;2013;2014;2017;2029;2030;2031;2032;2033;2034;2035;2036;2037;2038;2039;2040;2041;2042;2043;2044;2045;2046;2047;2048;2049;2050;2051;2052;2053;2054;2055;2056;2057;2058;2059;2060
Total;194890682;196603732;198314934;200004188;201717541;206804741;223821305;224868462;225854415;226777802;227638581;228437122;229173685;229847832;230459062;231007871;231494650;231919922;232284233;232588580;232834065;233020996;233149625;233220257;233233670;233190482;233090464;232933276;232719169;232448867;232122448;231739632;231300323;230805223;230255685;229652286;228995541;228286347
0-4;14858280;14697433;14624301;14567170;14570070;14720776;13770272;13629815;13491399;13354905;13221642;13092489;12967369;12846604;12730937;12620549;12514918;12413588;12316709;12225086;12138798;12057106;11979238;11904624;11832490;11761709;11691308;11620256;11547982;11473958;11397201;11317212;11233863;11147191;11057520;10965028;10870292;10774218
05/set;15865195;15600504;15387507;15203145;15029641;14593299;14430226;14304778;14171490;14033278;13892710;13751331;13611405;13473529;13337523;13204728;13076037;12951361;12830995;12715703;12605672;12500387;12399373;12302790;12211456;12125433;12043993;11966376;11891973;11820071;11749531;11679356;11608504;11536459;11462615;11386046;11306224;11223031
out/14;17397304;17216843;16880174;16495325;16131984;15365237;14757724;14690423;14664114;14637176;14531700;14416109;14291049;14158125;14020272;13880038;13738984;13599376;13461829;13326122;13193611;13065182;12940762;12820626;12705545;12595720;12490655;12389855;12293466;12202305;12116445;12035156;11957694;11883455;11811703;11741278;11671246;11600532
15-19;17219086;17238401;17315601;17402809;17424089;16821630;14487286;14596110;14635967;14643187;14710785;14722659;14656163;14630405;14603997;14499263;14384409;14260078;14127872;13990752;13851207;13710840;13571863;13434947;13299846;13167907;13040010;12916108;12796510;12681921;12572557;12467934;12367551;12271531;12180736;12095228;12014265;11937109
20-24;17476779;17396868;17296030;17195219;17124785;17203520;14888503;14688175;14533531;14465563;14413260;14420025;14529708;14570602;14578856;14647162;14659931;14594614;14569782;14544238;14440723;14327061;14203946;14072906;13936948;13798559;13659314;13521425;13385549;13251456;13120499;12993545;12870528;12751775;12637977;12529386;12425516;12325847
25-29;17334110;17423848;17454135;17436877;17391346;17161679;15889766;15607291;15351552;15146240;14969263;14802897;14605190;14452983;14386955;14336521;14344709;14455193;14497153;14506501;14575436;14589082;14524961;14501063;14476422;14374170;14261783;14139942;14010163;13875462;13738287;13600246;13463536;13328803;13195813;13065893;12939931;12817887
30-34;15955949;16275019;16567575;16822855;17028854;17306947;17091062;17007393;16836728;16512899;16141856;15792033;15512843;15259983;15057188;14882572;14718488;14523256;14373318;14309113;14260407;14269902;14381026;14423898;14434174;14503630;14518027;14455019;14431957;14408126;14307058;14195853;14075191;13946610;13813084;13677088;13540196;13404578
35-39;14075108;14350827;14689558;15066579;15441748;16402815;16755274;16738294;16765601;16848588;16940702;16968189;16886844;16719129;16399166;16032170;15686230;15410325;15160396;14960090;14787787;14625966;14433207;14285523;14223058;14175984;14186704;14298311;14341981;14353071;14422945;14437977;14376076;14353778;14330671;14230768;14120755;14001307
40-44;13184170;13311309;13414041;13519509;13668343;14500831;16941357;16893256;16828804;16743240;16656520;16598022;16583446;16612647;16696902;16790065;16818996;16739962;16575282;16259556;15897111;15555535;15283397;15036761;14839171;14669407;14510049;14320041;14174828;14114206;14068807;14080737;14192649;14236987;14248844;14318948;14334584;14273861
45-49;11992439;12218181;12426314;12615601;12784211;13171048;16446903;16602926;16703462;16746553;16743579;16713006;16668492;16607681;16525845;16442743;16387431;16375387;16406437;16491724;16585608;16615819;16539189;16377988;16067408;15710668;15374594;15107158;14864721;14670479;14503796;14347422;14160785;14018586;13960052;13916591;13929788;14041783
50-54;10276773;10574366;10868062;11152415;11419933;12102371;14700984;15043388;15361008;15653779;15911350;16121912;16278600;16380728;16426408;16426757;16399939;16359306;16302574;16224958;16146006;16094242;16084875;16117711;16203642;16297801;16329111;16255195;16098244;15794311;15445094;15116301;14855005;14618039;14428117;14265353;14112793;13930535
55-59;8387564;8679820;8977656;9278724;9579705;10463716;12726473;12943766;13217366;13548288;13914012;14277951;14615019;14928011;15216929;15471607;15680383;15836527;15939411;15987269;15990939;15968053;15931630;15879345;15806522;15732281;15684468;15677945;15712380;15798347;15891980;15924009;15853162;15701406;15406171;15066946;14747850;14494713
60-64;6596741;6859058;7119004;7379912;7647936;8503042;11521660;11673982;11809015;11922324;12038067;12192258;12406090;12673729;12996043;13351492;13705082;14032901;14337648;14619346;14868106;15072540;15226101;15328313;15377469;15384059;15365094;15332980;15285499;15218052;15149158;15105746;15102049;15137666;15222586;15314436;15346470;15279016
65-69;4905988;5095516;5318713;5565313;5819304;6572590;9816554;10048512;10263166;10462649;10645868;10811283;10959940;11092321;11204363;11318835;11469648;11676652;11934133;12242752;12582173;12919685;13232909;13524376;13794222;14032965;14229585;14377822;14477368;14526754;14535915;14520894;14493445;14451348;14390212;14327671;14289289;14288480
70-74;3792042;3889352;3974955;4063519;4175947;4709484;7645534;7907040;8165785;8421765;8670307;8905063;9122289;9323635;9511104;9683679;9839876;9980630;10106571;10214158;10324288;10467931;10663049;10904126;11191369;11506226;11819031;12109555;12380193;12631212;12853724;13037277;13176002;13269879;13317776;13328895;13317878;13295484
75-79;2597990;2688798;2797237;2913384;3023576;3292375;5418622;5641260;5869405;6101656;6336314;6571128;6804078;7034690;7263005;7484798;7694408;7888458;8068562;8236631;8391702;8532383;8659541;8773851;8872509;8973811;9104799;9280868;9496727;9752138;10030863;10307408;10564467;10804204;11027068;11224976;11388373;11511971
80-84;1689444;1727063;1764898;1807817;1861166;2095235;3415649;3586931;3758879;3931160;4105249;4284098;4468984;4658301;4850986;5045614;5240341;5433588;5624985;5814637;5998934;6173117;6334346;6484201;6624391;6754088;6872004;6978835;7075422;7159683;7246694;7358416;7506972;7687508;7899218;8128899;8356311;8567809
85-89;830529;901360;954570;996763;1032554;1129489;1827478;1913020;2012666;2126181;2249361;2375978;2502391;2629690;2757777;2887609;3021064;3158814;3299768;3443164;3587930;3732788;3876586;4019065;4160416;4297807;4427602;4547659;4659375;4764254;4861528;4950167;5030651;5103867;5168499;5235780;5321722;5434778
90+;455191;459166;484603;521252;562349;688657;1289978;1352102;1414477;1478371;1546036;1620691;1703785;1795039;1894806;2001669;2113776;2229906;2350808;2476780;2607627;2743377;2883626;3028143;3176612;3328257;3482333;3637926;3794831;3953061;4110366;4263976;4412193;4556131;4697023;4833076;4962058;5083408
Homens;;;;;;;;;;;;;;;;;;;;;;;;;;;;;;;;;;;;;;
Faixa/Ano;2010;2011;2012;2013;2014;2017;2029;2030;2031;2032;2033;2034;2035;2036;2037;2038;2039;2040;2041;2042;2043;2044;2045;2046;2047;2048;2049;2050;2051;2052;2053;2054;2055;2056;2057;2058;2059;2060
Total;95513298;96322635;97132054;97931331;98744098;101163599;109238514;109728762;110189007;110618592;111017537;111386062;111724392;112032426;112309958;112557327;112774820;112962751;113121438;113251454;113353443;113427597;113474061;113493052;113485011;113450253;113388652;113300060;113184593;113042592;112874076;112678873;112456873;112208379;111934042;111634119;111308845;110958642
0-4;7594516;7513761;7477567;7449337;7451690;7530642;7047528;6975778;6905062;6835307;6767195;6701192;6637231;6575502;6516373;6459937;6405936;6354123;6304598;6257751;6213632;6171861;6132043;6093885;6056997;6020798;5984802;5948471;5911502;5873639;5834370;5793447;5750809;5706456;5660575;5613249;5564770;5515605
05/set;8094637;7962532;7856445;7764679;7678145;7459700;7382807;7318878;7250909;7180401;7108665;7036481;6965042;6894634;6825161;6757331;6691592;6627900;6566392;6507477;6451252;6397457;6345822;6296474;6249795;6205831;6164206;6124537;6086502;6049752;6013699;5977830;5941609;5904776;5867020;5827860;5787041;5744493
out/14;8842587;8760868;8596730;8405865;8224795;7843086;7547162;7513141;7500066;7486634;7433002;7374143;7310452;7242697;7172400;7100861;7028875;6957623;6887413;6818125;6750468;6684877;6621345;6559981;6501187;6445082;6391415;6339911;6290699;6244133;6200276;6158737;6119162;6081226;6044568;6008592;5972801;5936671
15-19;8673836;8693267;8745322;8804210;8829069;8552810;7396587;7453221;7474403;7478801;7514010;7520683;7487251;7474592;7461547;7408463;7350163;7287028;7219811;7150062;7079046;7007575;6936806;6867067;6798239;6731019;6665837;6602699;6541729;6483312;6427561;6374235;6323041;6274127;6227836;6184244;6142973;6103630
20-24;8746116;8711375;8663577;8614902;8583358;8654720;7570037;7470597;7394220;7361652;7336794;7341891;7399228;7421254;7426487;7462264;7469669;7437195;7425286;7412946;7360848;7303529;7241380;7175120;7106330;7036251;6965698;6895815;6826928;6758931;6692510;6628106;6565701;6505416;6447653;6392537;6339825;6289218
25-29;8574606;8629711;8657414;8662143;8651184;8555561;8031009;7893232;7767999;7667829;7581750;7500675;7403356;7328943;7297950;7274594;7280847;7338836;7361712;7367822;7404119;7412226;7380713;7369573;7357978;7306911;7250628;7189512;7124285;7056509;6987423;6917849;6848930;6780967;6713878;6648312;6584723;6523112
30-34;7821287;7982363;8131551;8263753;8373348;8545686;8563312;8534665;8460519;8306365;8126302;7955838;7820545;7697488;7599240;7514973;7435649;7340229;7267552;7237960;7215936;7223197;7281677;7305262;7312099;7348805;7357492;7326843;7316343;7305373;7255224;7199860;7139664;7075362;7008494;6940318;6871646;6803583
35-39;6857527;6990523;7155946;7341635;7527745;8013399;8299702;8300209;8325674;8382118;8444696;8474256;8447253;8375224;8223858;8046719;7879049;7746136;7625181;7528741;7446144;7368454;7274845;7203808;7175501;7154681;7162834;7221685;7245877;7253323;7290325;7299496;7269639;7259722;7249292;7200007;7145508;7086207
40-44;6405478;6465519;6511227;6557089;6624863;7027271;8327522;8314471;8290745;8253830;8215289;8192354;8194452;8221147;8278370;8341585;8372088;8346626;8276663;8128189;7954176;7789503;7659150;7540448;7445888;7365050;7289066;7197348;7128025;7100999;7081359;7090362;7149455;7174123;7182135;7219317;7228927;7199896
45-49;5768516;5880219;5985481;6082367;6167931;6352579;7978594;8066468;8128987;8165432;8179855;8179060;8168292;8146911;8112423;8076237;8055349;8059034;8086849;8144623;8208179;8239414;8215443;8147699;8002569;7832277;7671186;7543900;7427925;7335566;7256745;7182722;7093220;7025894;7000246;6981909;6991754;7050917
50-54;4900002;5040349;5178764;5313246;5441195;5779573;7046315;7217244;7377487;7526925;7660698;7773367;7861606;7925036;7962995;7979372;7980824;7972437;7953589;7921753;7888179;7869486;7874764;7903569;7961564;8025093;8056849;8034455;7969304;7828334;7662799;7506320;7382926;7270417;7180814;7104474;7032873;6946162
55-59;3954821;4089187;4227766;4368987;4510555;4926386;6028485;6132308;6264412;6425224;6603964;6783080;6950611;7107892;7254823;7386666;7498065;7585774;7649457;7688505;7706661;7710316;7704363;7688149;7659220;7628530;7612199;7619074;7648657;7706356;7769208;7801082;7780353;7718248;7582612;7423293;7272866;7154556
60-64;3081961;3198692;3313737;3429277;3548963;3939707;5383487;5458969;5524298;5577221;5630273;5702081;5803746;5932098;6087478;6259725;6432268;6593867;6745779;6887959;7015825;7124175;7209866;7272652;7311982;7331395;7336975;7333300;7319725;7293901;7266311;7252466;7260725;7290580;7347073;7408221;7439552;7420473
65-69;2253998;2339108;2439108;2549140;2661907;2993314;4473440;4584216;4688647;4787847;4880176;4963105;5036045;5099560;5151653;5203924;5273663;5371091;5493166;5640066;5802391;5964930;6117373;6260872;6395434;6516731;6619770;6701600;6762068;6800700;6820803;6827971;6826458;6815605;6793193;6769102;6757874;6767303
70-74;1689818;1732563;1770303;1809593;1859518;2094581;3383680;3501868;3618911;3734717;3847628;3955595;4057304;4153367;4244811;4330120;4406952;4474742;4534111;4583407;4633065;4698510;4788775;4900975;5035044;5182591;5330211;5468808;5599462;5722265;5833225;5927673;6002895;6058911;6095418;6115370;6123684;6124121
75-79;1105206;1144121;1190922;1240998;1288273;1403314;2301516;2396166;2494028;2594665;2697044;2799720;2901547;3002440;3102353;3199832;3293112;3381052;3464237;3543625;3617852;3684841;3744109;3796312;3840217;3884676;3942722;4021823;4119269;4234768;4361237;4487603;4606394;4718561;4824282;4920042;5001664;5066803
80-84;677628;692280;707304;724631;746369;841980;1378193;1446541;1514999;1583484;1652852;1724591;1799420;1876683;1956079;2036796;2117674;2197885;2277383;2356175;2433074;2506675;2576080;2641835;2704769;2763770;2817079;2864310;2906165;2941812;2978203;3025436;3089091;3166772;3257946;3357133;3456065;3549148
85-89;314944;340306;359247;374268;387076;422377;686235;718616;756161;798785;844827;891952;938795;985869;1033177;1081264;1131002;1182750;1236101;1290875;1346482;1402163;1457337;1512013;1566262;1619219;1669886;1717634;1762927;1806456;1847353;1884307;1917047;1946213;1971377;1997388;2031094;2076107
90+;155814;155891;163643;175211;188114;226913;412903;432174;451480;471355;492517;515998;542216;571089;602780;636664;672043;708423;746158;785393;826114;868408;912170;957358;1003936;1051543;1099797;1148335;1197201;1246463;1295445;1343371;1389754;1435003;1479630;1522751;1563205;1600637
Mulheres;;;;;;;;;;;;;;;;;;;;;;;;;;;;;;;;;;;;;;
Faixa/Ano;2010;2011;2012;2013;2014;2017;2029;2030;2031;2032;2033;2034;2035;2036;2037;2038;2039;2040;2041;2042;2043;2044;2045;2046;2047;2048;2049;2050;2051;2052;2053;2054;2055;2056;2057;2058;2059;2060
Total;99377384;100281097;101182880;102072857;102973443;105641142;114582791;115139700;115665408;116159210;116621044;117051060;117449293;117815406;118149104;118450544;118719830;118957171;119162795;119337126;119480622;119593399;119675564;119727205;119748659;119740229;119701812;119633216;119534576;119406275;119248372;119060759;118843450;118596844;118321643;118018167;117686696;117327705
0-4;7263764;7183672;7146734;7117833;7118380;7190134;6722744;6654037;6586337;6519598;6454447;6391297;6330138;6271102;6214564;6160612;6108982;6059465;6012111;5967335;5925166;5885245;5847195;5810739;5775493;5740911;5706506;5671785;5636480;5600319;5562831;5523765;5483054;5440735;5396945;5351779;5305522;5258613
05/set;7770558;7637972;7531062;7438466;7351496;7133599;7047419;6985900;6920581;6852877;6784045;6714850;6646363;6578895;6512362;6447397;6384445;6323461;6264603;6208226;6154420;6102930;6053551;6006316;5961661;5919602;5879787;5841839;5805471;5770319;5735832;5701526;5666895;5631683;5595595;5558186;5519183;5478538
out/14;8554717;8455975;8283444;8089460;7907189;7522151;7210562;7177282;7164048;7150542;7098698;7041966;6980597;6915428;6847872;6779177;6710109;6641753;6574416;6507997;6443143;6380305;6319417;6260645;6204358;6150638;6099240;6049944;6002767;5958172;5916169;5876419;5838532;5802229;5767135;5732686;5698445;5663861
15-19;8545250;8545134;8570279;8598599;8595020;8268820;7090699;7142889;7161564;7164386;7196775;7201976;7168912;7155813;7142450;7090800;7034246;6973050;6908061;6840690;6772161;6703265;6635057;6567880;6501607;6436888;6374173;6313409;6254781;6198609;6144996;6093699;6044510;5997404;5952900;5910984;5871292;5833479
20-24;8730663;8685493;8632453;8580317;8541427;8548800;7318466;7217578;7139311;7103911;7076466;7078134;7130480;7149348;7152369;7184898;7190262;7157419;7144496;7131292;7079875;7023532;6962566;6897786;6830618;6762308;6693616;6625610;6558621;6492525;6427989;6365439;6304827;6246359;6190324;6136849;6085691;6036629
25-29;8759504;8794137;8796721;8774734;8740162;8606118;7858757;7714059;7583553;7478411;7387513;7302222;7201834;7124040;7089005;7061927;7063862;7116357;7135441;7138679;7171317;7176856;7144248;7131490;7118444;7067259;7011155;6950430;6885878;6818953;6750864;6682397;6614606;6547836;6481935;6417581;6355208;6294775
30-34;8134662;8292656;8436024;8559102;8655506;8761261;8527750;8472728;8376209;8206534;8015554;7836195;7692298;7562495;7457948;7367599;7282839;7183027;7105766;7071153;7044471;7046705;7099349;7118636;7122075;7154825;7160535;7128176;7115614;7102753;7051834;6995993;6935527;6871248;6804590;6736770;6668550;6600995
35-39;7217581;7360304;7533612;7724944;7914003;8389416;8455572;8438085;8439927;8466470;8496006;8493933;8439591;8343905;8175308;7985451;7807181;7664189;7535215;7431349;7341643;7257512;7158362;7081715;7047557;7021303;7023870;7076626;7096104;7099748;7132620;7138481;7106437;7094056;7081379;7030761;6975247;6915100
40-44;6778692;6845790;6902814;6962420;7043480;7473560;8613835;8578785;8538059;8489410;8441231;8405668;8388994;8391500;8418532;8448480;8446908;8393336;8298619;8131367;7942935;7766032;7624247;7496313;7393283;7304357;7220983;7122693;7046803;7013207;6987448;6990375;7043194;7062864;7066709;7099631;7105657;7073965
45-49;6223923;6337962;6440833;6533234;6616280;6818469;8468309;8536458;8574475;8581121;8563724;8533946;8500200;8460770;8413422;8366506;8332082;8316353;8319588;8347101;8377429;8376405;8323746;8230289;8064839;7878391;7703408;7563258;7436796;7334913;7247051;7164700;7067565;6992692;6959806;6934682;6938034;6990866
50-54;5376771;5534017;5689298;5839169;5978738;6322798;7654669;7826144;7983521;8126854;8250652;8348545;8416994;8455692;8463413;8447385;8419115;8386869;8348985;8303205;8257827;8224756;8210111;8214142;8242078;8272708;8272262;8220740;8128940;7965977;7782295;7609981;7472079;7347622;7247303;7160879;7079920;6984373
55-59;4432743;4590633;4749890;4909737;5069150;5537330;6697988;6811458;6952954;7123064;7310048;7494871;7664408;7820119;7962106;8084941;8182318;8250753;8289954;8298764;8284278;8257737;8227267;8191196;8147302;8103751;8072269;8058871;8063723;8091991;8122772;8122927;8072809;7983158;7823559;7643653;7474984;7340157
60-64;3514780;3660366;3805267;3950635;4098973;4563335;6138173;6215013;6284717;6345103;6407794;6490177;6602344;6741631;6908565;7091767;7272814;7439034;7591869;7731387;7852281;7948365;8016235;8055661;8065487;8052664;8028119;7999680;7965774;7924151;7882847;7853280;7841324;7847086;7875513;7906215;7906918;7858543
65-69;2651990;2756408;2879605;3016173;3157397;3579276;5343114;5464296;5574519;5674802;5765692;5848178;5923895;5992761;6052710;6114911;6195985;6305561;6440967;6602686;6779782;6954755;7115536;7263504;7398788;7516234;7609815;7676222;7715300;7726054;7715112;7692923;7666987;7635743;7597019;7558569;7531415;7521177
70-74;2102224;2156789;2204652;2253926;2316429;2614903;4261854;4405172;4546874;4687048;4822679;4949468;5064985;5170268;5266293;5353559;5432924;5505888;5572460;5630751;5691223;5769421;5874274;6003151;6156325;6323635;6488820;6640747;6780731;6908947;7020499;7109604;7173107;7210968;7222358;7213525;7194194;7171363
75-79;1492784;1544677;1606315;1672386;1735303;1889061;3117106;3245094;3375377;3506991;3639270;3771408;3902531;4032250;4160652;4284966;4401296;4507406;4604325;4693006;4773850;4847542;4915432;4977539;5032292;5089135;5162077;5259045;5377458;5517370;5669626;5819805;5958073;6085643;6202786;6304934;6386709;6445168
80-84;1011816;1034783;1057594;1083186;1114797;1253255;2037456;2140390;2243880;2347676;2452397;2559507;2669564;2781618;2894907;3008818;3122667;3235703;3347602;3458462;3565860;3666442;3758266;3842366;3919622;3990318;4054925;4114525;4169257;4217871;4268491;4332980;4417881;4520736;4641272;4771766;4900246;5018661
85-89;515585;561054;595323;622495;645478;707112;1141243;1194404;1256505;1327396;1404534;1484026;1563596;1643821;1724600;1806345;1890062;1976064;2063667;2152289;2241448;2330625;2419249;2507052;2594154;2678588;2757716;2830025;2896448;2957798;3014175;3065860;3113604;3157654;3197122;3238392;3290628;3358671
90+;299377;303275;320960;346041;374235;461744;877075;919928;962997;1007016;1053519;1104693;1161569;1223950;1292026;1365005;1441733;1521483;1604650;1691387;1781513;1874969;1971456;2070785;2172676;2276714;2382536;2489591;2597630;2706598;2814921;2920605;3022439;3121128;3217393;3310325;3398853;3482771
